{"data": {"European Union": {"people_vaccinated": 57.03289033146542, "people_fully_vaccinated": 45.448631257711334}, "Austria": {"people_vaccinated": 58.42301915755479, "people_fully_vaccinated": 48.012933207831395}, "Belgium": {"people_vaccinated": 67.88326273441362, "people_fully_vaccinated": 51.281886342958664}, "Bulgaria": {"people_vaccinated": 15.461455627865229, "people_fully_vaccinated": 12.964530861348754}, "Croatia": {"people_vaccinated": 39.911975036883526, "people_fully_vaccinated": 33.93475053606534}, "Cyprus": {"people_vaccinated": 57.44744727987009, "people_fully_vaccinated": 48.68823276655822}, "Czechia": {"people_vaccinated": 51.442951950876946, "people_fully_vaccinated": 42.48283252398176}, "Denmark": {"people_vaccinated": 69.64898386913114, "people_fully_vaccinated": 49.93177278599737}, "Estonia": {"people_vaccinated": 46.37665141932593, "people_fully_vaccinated": 36.078080218455}, "Finland": {"people_vaccinated": 65.49052340772414, "people_fully_vaccinated": 31.065762669474626}, "France": {"people_vaccinated": 57.88027298323645, "people_fully_vaccinated": 47.94122070625005}, "Germany": {"people_vaccinated": 60.77649468978011, "people_fully_vaccinated": 49.08507700514236}, "Greece": {"people_vaccinated": 53.7138819939181, "people_fully_vaccinated": 46.82908736171042}, "Hungary": {"people_vaccinated": 57.428865870046074, "people_fully_vaccinated": 55.05740962793086}, "Ireland": {"people_vaccinated": 62.300178533373995, "people_fully_vaccinated": 51.13504205290811}, "Italy": {"people_vaccinated": 62.911046667019704, "people_fully_vaccinated": 48.6696247361898}, "Latvia": {"people_vaccinated": 39.296744229285196, "people_fully_vaccinated": 34.82806832581265}, "Lithuania": {"people_vaccinated": 48.2238668230985, "people_fully_vaccinated": 43.17074915584044}, "Luxembourg": {"people_vaccinated": 61.32197942432215, "people_fully_vaccinated": 44.8880626408079}, "Malta": {"people_vaccinated": 75.42394884712265, "people_fully_vaccinated": 70.70315830265453}, "Netherlands": {"people_vaccinated": 67.24717553202599, "people_fully_vaccinated": 47.48699244052287}, "Poland": {"people_vaccinated": 47.600635634232674, "people_fully_vaccinated": 44.61415579772316}, "Portugal": {"people_vaccinated": 65.97055500292672, "people_fully_vaccinated": 49.99064889847325}, "Romania": {"people_vaccinated": 25.6565017743742, "people_fully_vaccinated": 24.948534626526637}, "Slovakia": {"people_vaccinated": 40.80786390516396, "people_fully_vaccinated": 34.846141264640465}, "Slovenia": {"people_vaccinated": 43.10121735583463, "people_fully_vaccinated": 37.93462220024512}, "Spain": {"people_vaccinated": 64.27711695873589, "people_fully_vaccinated": 53.5269809494235}, "Sweden": {"people_vaccinated": 59.74694813087016, "people_fully_vaccinated": 37.972906637685895}}, "countries_sorted": ["Malta", "Hungary", "Spain", "Belgium", "Ireland", "Portugal", "Denmark", "Germany", "Cyprus", "Italy", "Austria", "France", "Netherlands", "Greece", "European Union", "Luxembourg", "Poland", "Lithuania", "Czechia", "Sweden", "Slovenia", "Estonia", "Slovakia", "Latvia", "Croatia", "Finland", "Romania", "Bulgaria"], "max_date": "2021-07-24"}